unique ID,Project name,Place name[1],Place name[2],Place name[3],project_name_flag
9179,A. F. Sayers residence.,A.F. Sayersresidence.,F. Sayersresidence,A,0
9180,A.M. Russ residence.,A.M. Russresidence.,M. Russresidence,A,0
9181,Southwest Research Institute. Building 87 Vehicle Emmisions Lab. Addition.,Southwest Research Institute.Building 87 Vehicle EmmisionsLab.,Building 87 Vehicle EmmisionsLab,Southwest Research Institute,0
9182,Alamo monument.,Alamo monument,,,0
9183,Alamo National Bank building. Proposed.,Alamo National Bank building,,,0
9184,Alamo Plaza. Assessment Plan.,Alamo Plaza,,,0
9185,Lichtenstein residence.,Lichtenstein residence,,,0
9186,Alex Hamilton residence.,Alex Hamilton residence,,,0
9187,Alex Hamilton residence. Heating plan.,Alex Hamilton residence,,,0
9188,American Building Company house no. 2.,American Building Company house no,,,0
9189,American Development Corporation residence. Northridge addition.,American Development Corporation residence,,,0
9190,American Life Insurance Building. Facade. Remodeling. Proposed.,American Life Insurance Building,,,0
9191,Amman Building. Remodeling. Proposed.,Amman Building,,,0
9192,Amye Bozarth residence.,Amye Bozarth residence,,,0
9193,Andre Dewied condominium.,Andre Dewied condominium,,,0
9194,Arlington Heights. Topographical Map. Survey No. 89 Manuel Texada.,Arlington Heights,,,0
9195,Arneson River Theater. San Antonio Riverwalk.,Arneson River Theater,,,0
9196,Arthur E. Biard Co. building (one story).,Arthur E.Biard Co.building (one story).,Biard Co.building (one story),Arthur E,0
9197,Ashly Minor James residence.,Ashly Minor James residence,,,0
9198,Atlee B. Ayres Jr. residence.,Atlee B.Ayres Jr.residence.,Ayres Jr.residence,Atlee B,0
9199,August C. Richter store. Remodeling.,August C.Richterstore.,Richterstore,August C,0
9200,Ayres and Ayres firm banners.,Ayres and Ayres firm banners,,,0
9201,Aztec Theater. Parking garage. Proposed.,Aztec Theater.Parkinggarage.,Parkinggarage,Aztec Theater,0
9202,B.R. Webb residence. Alterations.,B.R. Webbresidence.,R. Webbresidence,B,0
9203,Bache and Co.  Remodeling of Office.(Gunter Hotel Building),Bache and Co.Remodeling ofOffice.,Remodeling ofOffice,Bache and Co,0
9204,Bank of Commerce of Laredo.,Bank of Commerce of Laredo,,,0
9205,Bank of Commerce of Laredo. Additions.,Bank of Commerce of Laredo,,,0
9206,Bank of Commerce of Laredo. Addition.,Bank of Commerce of Laredo,,,0
9207,Barn.,Barn,,,0
9208,Basila medical and apartment building. Proposed.,Basila medical and apartment building,,,0
9209,Basila parking garage. Proposed.,Basila parking garage,,,0
9210,Basila Pharmacy.,Basila Pharmacy,,,0
9211,Basila Properties maps.,Basila Properties maps,,,0
9212,Bedell Building.,Bedell Building,,,0
9213,Bee County Courthouse. Remodeling.,Bee County Courthouse,,,0
9214,Beeville Country Club. Alterations.,Beeville Country Club,,,0
9215,Bel Meade Community Center. Addition.,Bel Meade Community Center,,,0
9216,Bessie Pryor residence.,Bessie Pryor residence,,,0
9217,Bexar County Agricultural and Livestock Exhibition buildings.,Bexar County Agricultural and Livestock Exhibition buildings,,,0
9218,Bexas County Teaching hospital (South Texas Medical Center).,Bexas County Teaching hospital (South Texas Medical Center),,,0
9219,Blackstock residence.,Blackstock residence,,,0
9220,Blackstock residence.,Blackstock residence,,,0
9221,Bonner residence.,Bonner residence,,,0
9222,Borchers residence.,Borchers residence,,,0
9223,Borden Co. ice cream building (Mistletoe Creamery).,Borden Co.ice creambuilding (Mistletoe Creamery).,ice creambuilding (Mistletoe Creamery),Borden Co,0
9224,Borden's Creameries plant (Mistletoe Creamery). Additions and alterations.,Borden's Creameries plant (Mistletoe Creamery),,,0
9225,Borden's Creameries plant (Mistletoe Creamery). Additions and alterations.,Borden's Creameries plant (Mistletoe Creamery),,,0
9226,Borden's Creameries plant (Mistletoe Creamery). Additions and alterations.,Borden's Creameries plant (Mistletoe Creamery),,,0
9227,Borden's Creameries plant (Mistletoe Creamery). Additions and alterations.,Borden's Creameries plant (Mistletoe Creamery),,,0
9228,Borden's Creameries plant (Mistletoe Creamery). Additions and alterations.,Borden's Creameries plant (Mistletoe Creamery),,,0
9229,Borns subdivision in the J.P. Schatzell Tract. Plat and survey.,Borns subdivision in the J,,,0
9230,Bowman residence. Additions.,Bowman residence,,,0
9231,Bowman residence. Additions.,Bowman residence,,,0
9232,Brackenridge residence.,Brackenridge residence,,,0
9233,Brownsville Post-War Memorial Building.,Brownsville Post-War Memorial Building,,,0
9234,Brownsville Savings and Loan Association building.,Brownsville Savings and Loan Association building,,,0
9235,Burbank Junior and Senior High School. Auditorium and classroom addition.,Burbank Junior and Senior High School.Auditorium and classroom addition.,Auditorium and classroom addition,Burbank Junior and Senior High School,0
9236,Bushnell apartments.,Bushnell apartments,,,0
9237,C. W. Fenstermaker apartment.,C,,,0
9238,C.F. Urshel residence.,C.F. Urshelresidence.,F. Urshelresidence,C,0
9239,C.N. Chubb residence.,C.N. Chubbresidence.,N. Chubbresidence,C,0
9240,Cadwallader residence.,Cadwallader residence,,,0
9241,Calcasieu Building.,Calcasieu Building,,,0
9242,Callaghan Land and Pastoral Company building.,Callaghan Land and Pastoral Company building,,,0
9243,Callaghan Land and Pastoral Company one story commisary building.,Callaghan Land and Pastoral Company one story commisary building,,,0
9244,Cameron County Courthouse.,Cameron County Courthouse,,,0
9245,Carl Newton residence.,Carl Newton residence,,,0
9246,Carolyn Halff residence.,Carolyn Halff residence,,,0
9247,Carpenter Paper Company office and warehouse building.,Carpenter Paper Company office and warehouse building,,,0
9248,Casey Herschfield residence.,Casey Herschfield residence,,,0
9249,Catto Building.,Catto Building,,,0
9250,Catto Building.,Catto Building,,,0
9251,Catto Building.,Catto Building,,,0
9252,Catto Building.,Catto Building,,,0
9253,Central Park Shopping Center.,Central Park Shopping Center,,,0
9254,Chadwick ranch residence.,Chadwick ranch residence,,,0
9255,Chadwick ranch residence.,Chadwick ranch residence,,,0
9256,Chandler residence.,Chandler residence,,,0
9257,Charles Schreiner residence and servant’s quarters. Remodeling.,Charles Schreiner residence and servant’s quarters,,,0
9258,Chris Marrou residence.,Chris Marrou residence,,,0
9259,Christ Episcopal Church. Auditorium and classroom addition and remodeling.,Christ Episcopal Church.Auditorium and classroom addition and remodeling.,Auditorium and classroom addition and remodeling,Christ Episcopal Church,0
9260,Christ Episcopal Church. Carriage house property site plan.,Christ Episcopal Church.Carriagehouse property site plan.,Carriagehouse property site plan,Christ Episcopal Church,0
9261,Christ Episcopal Church. Education Building.,Christ Episcopal Church.EducationBuilding.,EducationBuilding,Christ Episcopal Church,0
9262,Christ Episcopal Church. New addition.,Christ Episcopal Church,,,0
9263,Christ Episcopal Church. Parking lot.,Christ Episcopal Church.Parking lot.,Parking lot,Christ Episcopal Church,0
9264,Christ Episcopal Church. Storage building.,Christ Episcopal Church.Storagebuilding.,Storagebuilding,Christ Episcopal Church,0
9265,Christ Episcopal Church. Unidentified projects.,Christ Episcopal Church,,,0
9266,Chuck Ennis residence. Addition.,Chuck Ennis residence,,,0
9267,"City Hall (Laredo, Tex.).","City Hall (Laredo, Tex",,,0
9268,City of San Antonio. Sections 3 and 11 plat.,City of San Antonio,,,0
9269,Civic Center (Oklahoma City). Underground parking garage.,Civic Center (Oklahoma City).Underground parkinggarage.,Underground parkinggarage,Civic Center (Oklahoma City),0
9270,"Civic center (San Antonio, Tex.). Proposed.","Civic center (San Antonio, Tex",,,0
9271,Clara Seeling Lowrey et al. Property. Plat.,Clara Seeling Lowrey et al,,,0
9272,Clark residence. Addition.,Clark residence,,,0
9273,Clifton George Jr. residence.,Clifton George Jr.residence.,residence,Clifton George Jr,0
9274,Coker Elementary School.,Coker Elementary School,,,0
9275,Carter residence.,Carter residence,,,0
9276,Coleman residence.,Coleman residence,,,0
9277,"Commercial National Bank (Beeville, Tex.).","Commercial National Bank (Beeville, Tex",,,0
9278,"Commercial National Bank (Beeville, Tex.).","Commercial National Bank (Beeville, Tex",,,0
9279,Confederate Women's Home Hospital.,Confederate Women's Home Hospital,,,0
9280,"Corpus Christi, Tx. Official Zoning Map.","Corpus Christi, Tx",,,0
9281,Crucifix Monument.,Crucifix Monument,,,0
9282,Cuero Church.,Cuero Church,,,0
9283,D.J. Atkinson residence (Marion Koogler McNay Art Institute).,D.J. Atkinsonresidence (Marion Koogler McNay Art Institute).,J. Atkinsonresidence (Marion Koogler McNay Art Institute),D,0
9284,Dallas Aquarium.,Dallas Aquarium,,,0
9285,Danvers subdivision. Topographical Survey.,Danvers subdivision,,,0
9286,Daughters of the Republic of Texas Library Wing.,Daughters of the Republic of Texas Library Wing,,,0
9287,Dave Straus residence.,Dave Straus residence,,,0
9288,David Straus residence (one story).,David Straus residence (one story),,,0
9289,David Woodward residence.,David Woodward residence,,,0
9290,Davis residence.,Davis residence,,,0
9291,Denver Hotel. Additions and alterations.,Denver Hotel,,,0
9292,Dewied Casing Company office and plant building.,Dewied Casing Company office and plant building,,,0
9293,Dewied Casing Company. Edificio de oficinas y servicios.,Dewied Casing Company,,,0
9294,"Doctor's Clinic (Laredo, Tex.).","Doctor's Clinic (Laredo, Tex",,,0
9295,"Doctor's Clinic (Laredo, Tex.).","Doctor's Clinic (Laredo, Tex",,,0
9296,Domingo Useda medical office building.,Domingo Useda medical office building,,,0
9297,Don P. Dixon project. Additions and alterations.,Don P,,,0
9298,Dr. Robbin residence.,Dr.Robbinresidence.,Robbinresidence,Dr,0
9299,E. Ugarte store building.,E.Ugarte storebuilding.,Ugarte storebuilding,E,0
9300,E.A. Baugh residence.,E.A. Baughresidence.,A. Baughresidence,E,0
9301,E.B. Chandler building.,E.B. Chandlerbuilding.,B. Chandlerbuilding,E,0
9302,E.I. Bailey residence.,E.I. Baileyresidence.,I. Baileyresidence,E,0
9303,E.J. Roe residence. Additions.,E.J. Roeresidence.,J. Roeresidence,E,0
9304,Eddison Highlands and Jefferson high schools. Girls gymnasiums additions.,Eddison Highlands and Jefferson high schools,,,0
9305,Edgar Tobin recreation building and bath house (one story).,Edgar Tobin recreation building and bath house (one story),,,0
9306,Elizabeth Hails frame residence.,Elizabeth Hails frame residence,,,0
9307,Equitable Life Insurance Company building.,Equitable Life Insurance Company building,,,0
9308,Ernest Rubsamen residence.,Ernest Rubsamen residence,,,0
9309,Express Publishing Company building. Alterations.,Express Publishing Company building,,,0
9310,Express Publishing Company office and maintenance shop.,Express Publishing Company office and maintenance shop,,,0
9311,F.L. Thompson residence.,F.L. Thompsonresidence.,L. Thompsonresidence,F,0
9312,F.T. Maessen residence.,F.T. Maessenresidence.,T. Maessenresidence,F,0
9313,Fannie L. Halff building.,Fannie L.Halffbuilding.,Halffbuilding,Fannie L,0
9314,Farmington School. Garden for the senior house.,Farmington School.Garden for the seniorhouse.,Garden for the seniorhouse,Farmington School,0
9315,Fenstermaker residence. Remodeling.,Fenstermaker residence,,,0
9316,First National Bank of San Antonio.,First National Bank of San Antonio,,,0
9317,First National Bank of San Antonio.,First National Bank of San Antonio,,,0
9318,"First Presbyterian Church (San Antonio, Tex.).","First Presbyterian Church (San Antonio, Tex",,,0
9319,Frank Brothers Building. Remodeling.,Frank Brothers Building,,,0
9320,Frank Buttram residence.,Frank Buttram residence,,,0
9321,Frank Buttram residence.,Frank Buttram residence,,,0
9322,Frank Company store.,Frank Company store,,,0
9323,Frank Gillespie Jr. commercial building. Proposed.,Frank Gillespie Jr.commercialbuilding.,commercialbuilding,Frank Gillespie Jr,0
9324,Frank Straus Company store and factory building.,Frank Straus Company store and factory building,,,0
9325,Frank Straus Company store and factory building.,Frank Straus Company store and factory building,,,0
9326,Frank Straus Company store and factory building.,Frank Straus Company store and factory building,,,0
9327,Frank Straus Company store and factory building.,Frank Straus Company store and factory building,,,0
9328,Fred Straus residence (two story).,Fred Straus residence (two story),,,0
9329,Fred W. Shield (Blackstock) residence.,Fred W.Shield (Blackstock)residence.,Shield (Blackstock)residence,Fred W,0
9330,Freestone County Courthouse.,Freestone County Courthouse,,,0
9331,Frontier Hotel.,Frontier Hotel,,,0
9332,"Frost National Bank (San Antonio, Tex.). Motor bank, parking garage and banking facilities.","Frost National Bank (San Antonio, Tex.). Motor bank, parkinggarage and banking facilities.","). Motor bank, parkinggarage and banking facilities","Frost National Bank (San Antonio, Tex",0
9333,Fulton Motel and Land Development.,Fulton Motel and Land Development,,,0
9334,G. Bedell Moore residence.,G.Bedell Mooreresidence.,Bedell Mooreresidence,G,0
9335,G.A.C. Halff residence.,G.A.C. Halffresidence.,A.C. Halffresidence,G,0
9336,G.P.M. Building. Ayres and Ayres office.,G.P.M. Building. Ayres and Ayresoffice.,P.M. Building. Ayres and Ayresoffice,G,0
9337,Gage carriage house.,Gage carriage house,,,0
9338,Gebhardt Chili Powder Company building. Additions.,Gebhardt Chili Powder Company building,,,0
9339,George Belchic residence.,George Belchic residence,,,0
9340,George Brackenridge residence.,George Brackenridge residence,,,0
9341,George C. Eichlitz residence.,George C.Eichlitzresidence.,Eichlitzresidence,George C,0
9342,George Smith residence. Sketch.,George Smith residence,,,0
9343,Gilbert Denman residence.,Gilbert Denman residence,,,0
9344,Gilbert Falbo apartment building. Proposed.,Gilbert Falbo apartment building,,,0
9345,Gilbert Lang residence. Additions.,Gilbert Lang residence,,,0
9346,Gillespie-Vance residence.,Gillespie-Vance residence,,,0
9347,Golf and Country Club.,Golf and Country Club,,,0
9348,Graham Hamilton residence.,Graham Hamilton residence,,,0
9349,Graham Hamilton residence. Addition.,Graham Hamilton residence,,,0
9350,Graham Hamilton residence. Alterations. Proposed.,Graham Hamilton residence,,,0
9351,Graves residence.,Graves residence,,,0
9352,Grey Moss Inn. Remodeling.,Grey Moss Inn,,,0
9353,"Groos National Bank (San Antonio, Tex.).","Groos National Bank (San Antonio, Tex",,,0
9354,"Groos National Bank (San Antonio, Tex.).","Groos National Bank (San Antonio, Tex",,,0
9355,"Groos National Bank (San Antonio, Tex.).","Groos National Bank (San Antonio, Tex",,,0
9356,Groust residence.,Groust residence,,,0
9357,"Gulf service station (San Antonio, Tex.).","Gulf service station (San Antonio, Tex",,,0
9358,Gunter Hotel. Ballroom and dining room.,Gunter Hotel.Ballroom and diningroom.,Ballroom and diningroom,Gunter Hotel,0
9359,Gunter Hotel. Ballroom and dining room.,Gunter Hotel.Ballroom and diningroom.,Ballroom and diningroom,Gunter Hotel,0
9360,Gus Kray residence.,Gus Kray residence,,,0
9361,H. Lutcher Brown residence.,H.Lutcher Brownresidence.,Lutcher Brownresidence,H,0
9362,H. Lutcher Brown residence.,H.Lutcher Brownresidence.,Lutcher Brownresidence,H,0
9363,H. Lutcher Brown residence. Casino and Bathhouse.,H.Lutcher Brownresidence.,Lutcher Brownresidence,H,0
9364,H. Lutcher Brown residence. Garden and Gateway.,H.Lutcher Brown residence.Garden and Gateway.,Lutcher Brown residence.Garden and Gateway,H,0
9365,H. Lutcher Brown residence. Swimming pool.,H.Lutcher Brown residence. Swimmingpool.,Lutcher Brown residence. Swimmingpool,H,0
9366,H.B. Thompson residence (two story).,H.B. Thompsonresidence (two story).,B. Thompsonresidence (two story),H,0
9367,H.B. Zachry Co. office building.,H.B. Zachry Co. officebuilding.,B. Zachry Co. officebuilding,H,0
9368,H.B. Zachry Co. office building.,H.B. Zachry Co. officebuilding.,B. Zachry Co. officebuilding,H,0
9369,H.B. Zachry Company. Apartment building.,H.B. Zachry Company. Apartmentbuilding.,B. Zachry Company. Apartmentbuilding,H,0
9370,H.B. Zachry Company. Eight unit apartment building.,H.B. Zachry Company. Eight unit apartmentbuilding.,B. Zachry Company. Eight unit apartmentbuilding,H,0
9371,H.B. Zachry Company. Garden House.,H.B. Zachry Company. GardenHouse.,B. Zachry Company. GardenHouse,H,0
9372,H.B. Zachry five houses.,H,,,0
9373,H.B. Zachry hotel.,H.B. Zachryhotel.,B. Zachryhotel,H,0
9374,H.B. Zachry housing project.,H.B. Zachryhousing project.,B. Zachryhousing project,H,0
9375,H.B. Zachry residence.,H.B. Zachryresidence.,B. Zachryresidence,H,0
9376,H.C. McKenna residence.,H.C. McKennaresidence.,C. McKennaresidence,H,0
9377,H.L. Blackstock residence.,H.L. Blackstockresidence.,L. Blackstockresidence,H,0
9378,H.M. Scherr residence.,H.M. Scherrresidence.,M. Scherrresidence,H,0
9379,Hacienda de San Augustine.,Hacienda de San Augustine,,,0
9380,Hacienda de San Augustine.,Hacienda de San Augustine,,,0
9381,Hamilton Hotel.,Hamilton Hotel,,,0
9382,Hamilton Hotel.,Hamilton Hotel,,,0
9383,Hamilton Hotel.,Hamilton Hotel,,,0
9384,Harper residence.,Harper residence,,,0
9385,Harrell Co. office building.,Harrell Co.officebuilding.,officebuilding,Harrell Co,0
9386,Harry S. Affleck Jr. residence.  Remodeling.,Harry S.Affleck Jr.residence.,Affleck Jr.residence,Harry S,0
9387,Harting residence.,Harting residence,,,0
9388,Haythorne Tourist Apartments.,Haythorne Tourist Apartments,,,0
9389,"Health building (San Antonio, Tex.). Proposed.","Health building (San Antonio, Tex",,,0
9390,Hemisfair 1968. Hotel building. Proposed.,Hemisfair 1968.Hotelbuilding.,Hotelbuilding,Hemisfair 1968,0
9391,Hemisfair 1968. United States Exhibit Pavilion.,Hemisfair 1968,,,0
9392,Herman G. Staacke residence.,Herman G.Staackeresidence.,Staackeresidence,Herman G,0
9393,"Hilton Hotel (San Antonio, Tex.). Ground floor. Remodeling.","Hilton Hotel (San Antonio, Tex.). Groundfloor.",). Groundfloor,"Hilton Hotel (San Antonio, Tex",0
9394,Hondo Hospital.,Hondo Hospital,,,0
9395,Hotel near San Antonio Convention Center.,Hotel near San Antonio Convention Center,,,0
9396,Housing and Market Development.,Housing and Market Development,,,0
9397,"Housing project (San Antonio, Tex.).","Housing project (San Antonio, Tex",,,0
9398,Hutchins Brothers Store.,Hutchins Brothers Store,,,0
9399,I.B.M. buildings.,I.B.M.buildings.,B.M.buildings,I,0
9400,J. C. Merchant store building. Remodeling.,J.C. Merchant storebuilding.,C. Merchant storebuilding,J,0
9401,J. H. Schulz auto service station and garage.,J.H. Schulz auto service station andgarage.,H. Schulz auto service station andgarage,J,0
9402,J. H. Schulz bank building. Additions and alterations.,J.H. Schulz bankbuilding.,H. Schulz bankbuilding,J,0
9403,J. Morris residence. Alterations.,J.Morrisresidence.,Morrisresidence,J,0
9404,J. Reich residence.,J.Reichresidence.,Reichresidence,J,0
9405,J.A. Browne residence.,J.A. Browneresidence.,A. Browneresidence,J,0
9406,J.C. Merchant residence.,J.C. Merchantresidence.,C. Merchantresidence,J,0
9407,J.C. Rich residence.,J.C. Richresidence.,C. Richresidence,J,0
9408,J.D. Oppenheimer residence.,J.D. Oppenheimerresidence.,D. Oppenheimerresidence,J,0
9409,J.D. Terrell residence.,J.D. Terrellresidence.,D. Terrellresidence,J,0
9410,J.H. Turner residence (one story).,J.H. Turnerresidence (one story).,H. Turnerresidence (one story),J,0
9411,Lindsay residence.,Lindsay residence,,,0
9412,J.S. Marshall residence.,J.S. Marshallresidence.,S. Marshallresidence,J,0
9413,J.W. Ferguson residence.,J.W. Fergusonresidence.,W. Fergusonresidence,J,0
9414,J.W. Simmons residence.,J.W. Simmonsresidence.,W. Simmonsresidence,J,0
9415,Jack Bennett office building.,Jack Bennett office building,,,0
9416,Jack Bennett office building.,Jack Bennett office building,,,0
9417,James Fenimore Cooper Junior School.,James Fenimore Cooper Junior School,,,0
9418,Unidentified building.,Unidentified building,,,0
9419,Jeremiah Rhodes Junior High School.,Jeremiah Rhodes Junior High School,,,0
9420,Jesse Oppenheimer hunting lodge.,Jesse Oppenheimer hunting lodge,,,0
9421,Jim Wells County Courthouse.,Jim Wells County Courthouse,,,0
9422,John A. Brown residence.,John A.Brownresidence.,Brownresidence,John A,0
9423,John B. Chadwick residence.,John B.Chadwickresidence.,Chadwickresidence,John B,0
9424,John Gaines residence.,John Gaines residence,,,0
9425,John H. Spencer residence. Alterations.,John H.Spencerresidence.,Spencerresidence,John H,0
9426,John L. Hendry III  residence. Additions and alterations.,John L.Hendry IIIresidence.,Hendry IIIresidence,John L,0
9427,John N. Garner residence.,John N.Garnerresidence.,Garnerresidence,John N,0
9428,John R. Walker apartment house (Architects and Engineers building).,John R.Walker apartment house (Architects and Engineersbuilding).,Walker apartment house (Architects and Engineersbuilding),John R,0
9429,John W. Kokernot residence.,John W.Kokernotresidence.,Kokernotresidence,John W,0
9430,Johnson or Johnston residence.,Johnson or Johnston residence,,,0
9431,Johnson residence.,Johnson residence,,,0
9432,Johnson residence.,Johnson residence,,,0
9433,Joseph Rosenfield residence.,Joseph Rosenfield residence,,,0
9434,Joske’s Store.,Joske’s Store,,,0
9435,Julius Seligmann residence (one story).,Julius Seligmann residence (one story),,,0
9436,Kendall Inn. Remodeling.,Kendall Inn,,,0
9437,Kingsville (Kleberg?) County Hospital.,Kingsville (Kleberg?) County Hospital,,,0
9438,Kingsville County Hospital.,Kingsville County Hospital,,,0
9439,Kleberg County Courthouse.,Kleberg County Courthouse,,,0
9440,Knickerbocker residence.,Knickerbocker residence,,,0
9441,Kocurek Lodge.,Kocurek Lodge,,,0
9442,L.A. Schreiner residence.,L.A. Schreinerresidence.,A. Schreinerresidence,L,0
9443,L.E. Cartwright residence.,L.E. Cartwrightresidence.,E. Cartwrightresidence,L,0
9444,Johnson residence.,Johnson residence,,,0
9445,L.J. Kocurek residence.,L.J. Kocurekresidence.,J. Kocurekresidence,L,0
9446,L.J. Kocurek residence.,L.J. Kocurekresidence.,J. Kocurekresidence,L,0
9447,Laredo Building Co. Housing units.,Laredo Building Co.Housing units.,Housing units,Laredo Building Co,0
9448,Laredo National Bank Properties. Survey and Topographic Data.,Laredo National Bank Properties,,,0
9449,"Laredo, Tx. Map of streets and roads.","Laredo, Tx",,,0
9450,"Laredo, Tx. Map.","Laredo, Tx",,,0
9451,Laurel Heights Pharmacy.,Laurel Heights Pharmacy,,,0
9452,Layfayette Ward residence.,Layfayette Ward residence,,,0
9453,Lee Christy residence.,Lee Christy residence,,,0
9454,Lee Christy residence.,Lee Christy residence,,,0
9455,Lewis J. Moorman residence. Addition.,Lewis J.Moormanresidence.,Moormanresidence,Lewis J,0
9456,Lewis J. Moorman tennis court.,Lewis J,,,0
9457,Light Fixture Detail.,Light Fixture Detail,,,0
9458,Live Oak Ranch (Forest Smith ranch).,Live Oak Ranch (Forest Smith ranch),,,0
9459,Lockhill School.,Lockhill School,,,0
9460,Lockhill School. New Building.,Lockhill School.NewBuilding.,NewBuilding,Lockhill School,0
9461,Lone Star Brewery.,Lone Star Brewery,,,0
9462,Lonnie Wright residence.,Lonnie Wright residence,,,0
9463,Los Angeles Municipal Building.  Branch City Hall at San Pedro.,Los Angeles Municipal Building.Branch CityHall at San Pedro.,Branch CityHall at San Pedro,Los Angeles Municipal Building,0
9464,Lost Valley resort hotel.,Lost Valley resort hotel,,,0
9465,Louis Kaplan apartment building and shops.,Louis Kaplan apartment building and shops,,,0
9466,Darby residence.,Darby residence,,,0
9467,M.C. McDonald residence.,M.C. McDonaldresidence.,C. McDonaldresidence,M,0
9468,M.P. Strickland residence (two story).,M.P. Stricklandresidence (two story).,P. Stricklandresidence (two story),M,0
9469,M.W. Cochran residence. Proposed.,M.W. Cochranresidence.,W. Cochranresidence,M,0
9470,M.W. Cochran residence. Proposed.,M.W. Cochranresidence.,W. Cochranresidence,M,0
9471,"Main Savings and Loan Association building (San Antonio, Tex.).","Main Savings and Loan Association building (San Antonio, Tex",,,0
9472,Mannen residence.,Mannen residence,,,0
9473,Marion Koogler McNay Art Institute (Atkinson residence). Remodeling.,Marion Koogler McNay Art Institute (Atkinson residence),,,0
9474,Marion Koogler McNay Art Institute (Atkinson residence). Remodeling.,Marion Koogler McNay Art Institute (Atkinson residence),,,0
9475,"Market and Housing Development (San Antonio, Tex.).","Market and Housing Development (San Antonio, Tex",,,0
9476,Marti Store.,Marti Store,,,0
9477,Martin-Wright Electric Co. building.,Martin-Wright Electric Co.building.,building,Martin-Wright Electric Co,0
9478,Martin-Wright Electric Company building.,Martin-Wright Electric Company building,,,0
9479,Masonic Grand Lodge Building.,Masonic Grand Lodge Building,,,0
9480,Maurice Cochran residence. Proposed.,Maurice Cochran residence,,,0
9481,Mausoleum. Proposed.,Mausoleum,,,0
9482,Maverick-Clark Building (Ormsby Chevrolet Building). Plat.,Maverick-Clark Building (Ormsby Chevrolet Building),,,0
9483,McMurry College. Topographic Map.,McMurry College,,,0
9484,Meador Motor Company building.,Meador Motor Company building,,,0
9485,Medi-Dent Building.  Meeks and Spann Office.,Medi-Dent Building.Meeks and SpannOffice.,Meeks and SpannOffice,Medi-Dent Building,0
9486,Medi-Dent Building. Manconi office.,Medi-Dent Building.Manconioffice.,Manconioffice,Medi-Dent Building,0
9487,Medi-Dent building. Romo Office.,Medi-Dent building.RomoOffice.,RomoOffice,Medi-Dent building,0
9488,"Medi-Dent, Inc. medical office building. Proposed.","Medi-Dent, Inc.medical officebuilding.",medical officebuilding,"Medi-Dent, Inc",0
9489,Medina Electric Cooperative building.,Medina Electric Cooperative building,,,0
9490,Medina Hospital. Proposed Addition.,Medina Hospital,,,0
9491,"Memorial Museum (Temple, Tex.).","Memorial Museum (Temple, Tex",,,0
9492,Memorial Park Co. Chapel.,Memorial Park Co.Chapel.,Chapel,Memorial Park Co,0
9493,Menger Hotel. Additions.,Menger Hotel,,,0
9494,Menger Hotel. Additions.,Menger Hotel,,,0
9495,Menger Hotel. Additions.,Menger Hotel,,,0
9496,"Mercantile Bank and Trust  building (San Antonio, Tex.).","Mercantile Bank and Trust  building (San Antonio, Tex",,,0
9497,"Mercantile Bank and Trust building (San Antonio, Tex.).","Mercantile Bank and Trust building (San Antonio, Tex",,,0
9498,"Midland National bank. Motor bank, parking garage, and office building. Proposed.","Midland National bank.Motor bank, parking garage, and officebuilding.","Motor bank, parking garage, and officebuilding",Midland National bank,0
9499,Mission Burial Park North. Mausoleum.,Mission Burial Park North,,,0
9500,Mission Espiritu Santo de Zuniga. Restoration.,Mission Espiritu Santo de Zuniga,,,0
9501,Mission Espiritu Santo de Zuniga. Restoration.,Mission Espiritu Santo de Zuniga,,,0
9502,Mission Nuestra Senora de la Purissima Concepcion de Acuna. Restoration and addition.,Mission Nuestra Senora de la Purissima Concepcion de Acuna,,,0
9503,Mission San Antonio de Valero (The Alamo)? Base for crucifix.,Mission San Antonio de Valero (The Alamo)? Base for crucifix,,,0
9504,Mission San Antonio de Valero (The Alamo)? Bathrooms renovation.,Mission San Antonio de Valero (The Alamo)? Bathrooms renovation,,,0
9505,Mission San Antonio de Valero (The Alamo).,Mission San Antonio de Valero (The Alamo),,,0
9506,Mission San Antonio de Valero (The Alamo).  Front facade measured drawings.,Mission San Antonio de Valero (The Alamo),,,0
9507,Mission San Antonio de Valero (The Alamo).  Front facade sketches and renderings.,Mission San Antonio de Valero (The Alamo),,,0
9508,Mission San Antonio de Valero (The Alamo).  Reconstruction.,Mission San Antonio de Valero (The Alamo),,,0
9509,Mission San Jose y San Miguel de Aguayo. Rose window. Restoration. Details.,Mission San Jose y San Miguel de Aguayo,,,0
9510,Missionary Servant of St. Anthony. Convent and novitiate.,Missionary Servant of St,,,0
9511,Missionary Servant of St. Anthony. Convent and novitiate.,Missionary Servant of St,,,0
9512,Mistletoe Creameries Plant.,Mistletoe Creameries Plant,,,0
9513,Montgomery residence. Addition.,Montgomery residence,,,0
9514,Mortgage Investment Corp. Addition.,Mortgage Investment Corp,,,0
9515,Mortgage Investment Corp. Addition.,Mortgage Investment Corp,,,0
9516,Mortgage Investment Corp. Addition.,Mortgage Investment Corp,,,0
9517,Mosle Office Space (100 National Bank of Commerce Building).,Mosle Office Space (100 National Bank of Commerce Building),,,0
9518,"Mr. Albert West, Jr. apartment building (two story).","Mr.Albert West, Jr. apartmentbuilding (two story).","Albert West, Jr. apartmentbuilding (two story)",Mr,0
9519,"Municipal Auditorium (San Antonio, Tex.).","Municipal Auditorium (San Antonio, Tex",,,0
9520,"Municipal Auditorium (San Antonio, Tex.).","Municipal Auditorium (San Antonio, Tex",,,0
9521,"Municipal Auditorium (San Antonio, Tex.).","Municipal Auditorium (San Antonio, Tex",,,0
9522,"Municipal Auditorium (San Antonio, Tex.).","Municipal Auditorium (San Antonio, Tex",,,0
9523,"Municipal Auditorium (San Antonio, Tex.).","Municipal Auditorium (San Antonio, Tex",,,0
9524,"National Bank of Commerce (San Antonio, Tex.).","National Bank of Commerce (San Antonio, Tex",,,0
9525,"National Bank of Commerce (San Antonio, Tex.).","National Bank of Commerce (San Antonio, Tex",,,0
9526,"National Bank of Commerce (San Antonio, Tex.). Motor Bank.","National Bank of Commerce (San Antonio, Tex.). MotorBank.",). MotorBank,"National Bank of Commerce (San Antonio, Tex",0
9527,"National Bank of Commerce (San Antonio, Tex.). Office space.","National Bank of Commerce (San Antonio, Tex.).Office space.",).Office space,"National Bank of Commerce (San Antonio, Tex",0
9528,Navarro St. at Commerce St. building plans.,Navarro St.at Commerce St.building plans.,at Commerce St.building plans,Navarro St,0
9529,Navarro-Travis Corporation parking garage and office building.,Navarro-Travis Corporation parking garage and office building,,,0
9530,Neisner Bros. Inc. store building no. 120.,Neisner Bros.Inc. storebuilding no.,Inc. storebuilding no,Neisner Bros,0
9531,New fire zone map for San Antonio.,New fire zone map for San Antonio,,,0
9532,New Senior high school for the San Antonio Independent School District. (Thomas Jefferson High School).,New Senior high school for the San Antonio Independent School District.(Thomas Jefferson HighSchool).,(Thomas Jefferson HighSchool),New Senior high school for the San Antonio Independent School District,0
9533,Nicholson and Furnist residence.,Nicholson and Furnist residence,,,0
9534,Nicholson residence.,Nicholson residence,,,0
9535,Nix Professional Building. Additions and alterations.,Nix Professional Building,,,0
9536,Norhtwest Junior High School.,Norhtwest Junior High School,,,0
9537,North Side Branch Public Library (San Pedro Park Library).,North Side Branch Public Library (San Pedro Park Library),,,0
9538,Northside Junior High School.,Northside Junior High School,,,0
9539,Norvel Chittim residence. Additions.,Norvel Chittim residence,,,0
9540,Norvel Chittim residence. Additions.,Norvel Chittim residence,,,0
9541,Norvel Chittim residence. Additions.,Norvel Chittim residence,,,0
9542,Norvel Chittim residence. Additions.,Norvel Chittim residence,,,0
9543,Oak Hills Bowling Lanes buildings.,Oak Hills Bowling Lanes buildings,,,0
9544,Oak Hills Country Club building.,Oak Hills Country Club building,,,0
9545,Oak Hills Country Club building.,Oak Hills Country Club building,,,0
9546,Oak Hills Country Club building.,Oak Hills Country Club building,,,0
9547,Office building and parking garage.,Office building and parking garage,,,0
9548,Old Tasselfoot Village Unit 1 residence.,Old Tasselfoot Village Unit 1 residence,,,0
9549,One story modified English style residence.,One story modified English style residence,,,0
9550,Oscar Brunner residence (one story).,Oscar Brunner residence (one story),,,0
9551,Oscar J. Brunner residence. Remodeling.,Oscar J.Brunnerresidence.,Brunnerresidence,Oscar J,0
9552,P.H. Swearingen residence (two story).,P.H. Swearingenresidence (two story).,H. Swearingenresidence (two story),P,0
9553,P.L. Mannen residence.,P.L. Mannenresidence.,L. Mannenresidence,P,0
9554,P.R. Rutherford ranch house.,P.R. Rutherford ranchhouse.,R. Rutherford ranchhouse,P,0
9555,P.W. Timberlake residence.,P.W. Timberlakeresidence.,W. Timberlakeresidence,P,0
9556,Pan-American Inc. restaurant.,Pan-American Inc.restaurant.,restaurant,Pan-American Inc,0
9557,Pan-American Inc. restaurant.,Pan-American Inc.restaurant.,restaurant,Pan-American Inc,0
9558,Parknorth Office Building. Lea office.,Parknorth Office Building.Leaoffice.,Leaoffice,Parknorth Office Building,0
9559,Pedestrian bridge for City of San Antonio.,Pedestrian bridge for City of San Antonio,,,0
9560,Pendleton residence,,,,1
9561,Pete Kennedy residence.,Pete Kennedy residence,,,0
9562,Petroleum Center. Parking garage. Proposed.,Petroleum Center.Parkinggarage.,Parkinggarage,Petroleum Center,0
9563,Plaza Hotel. (Hilton Hotel) Annex.,Plaza Hotel.(HiltonHotel) Annex.,(HiltonHotel) Annex,Plaza Hotel,0
9564,Porter Loring Mortuary. Additions and alterations.,Porter Loring Mortuary,,,0
9565,Vance residence.,Vance residence,,,0
9566,"Produce truck sheds (San Antonio, Tex.).","Produce truck sheds (San Antonio, Tex",,,0
9567,Proposed 10 story apartment building.,Proposed 10 story apartment building,,,0
9568,Proposed apartment building.,Proposed apartment building,,,0
9569,R.L. White Co. office building.,R.L. White Co. officebuilding.,L. White Co. officebuilding,R,0
9570,[R.L. White Co. parking garage. Proposed.],[R.L. White Co. parkinggarage.,L. White Co. parkinggarage,[R,0
9571,Randolph Field. Post Exchange.,Randolph Field,,,0
9572,Refugio County Courthouse.,Refugio County Courthouse,,,0
9573,Robert Ayres beach cottage.,Robert Ayres beach cottage,,,0
9574,Robert Ayres residence.,Robert Ayres residence,,,0
9575,Robert D. Goodrich residence.,Robert D.Goodrichresidence.,Goodrichresidence,Robert D,0
9576,Robert D. Goodrich residence.,Robert D.Goodrichresidence.,Goodrichresidence,Robert D,0
9577,Robert M. Ayres residence.,Robert M.Ayresresidence.,Ayresresidence,Robert M,0
9578,Robert M. Ayres residence.,Robert M.Ayresresidence.,Ayresresidence,Robert M,0
9579,"Robert M. Ayres, Jr. residence (Blackstock). Kitchen renovation.","Robert M.Ayres, Jr.residence (Blackstock).","Ayres, Jr.residence (Blackstock)",Robert M,0
9580,Robindale Hills and Community Center.,Robindale Hills and Community Center,,,0
9581,Rosa Verde Motor lodge. Proposed.,Rosa Verde Motor lodge,,,0
9582,Roy Hearne residence,,,,1
9583,Roy Hearne stable.,Roy Hearne stable,,,0
9584,Royston Nave Memorial.,Royston Nave Memorial,,,0
9585,Ruben Salazar residence.,Ruben Salazar residence,,,0
9586,S. Halff building.,S.Halffbuilding.,Halffbuilding,S,0
9587,S. Halff building.,S.Halffbuilding.,Halffbuilding,S,0
9588,Thompson residence.,Thompson residence,,,0
9589,S.G. Meloy residence. Addition.,S.G. Meloyresidence.,G. Meloyresidence,S,0
9590,S.G. Nelson office and warehouse.,S.G. Nelson office andwarehouse.,G. Nelson office andwarehouse,S,0
9591,S.G. Nelson residence (two story).,S.G. Nelsonresidence (two story).,G. Nelsonresidence (two story),S,0
9592,S.G. Nelson residence. Garage and servants quarters.,S.G. Nelson residence. Garage and servantsquarters.,G. Nelson residence. Garage and servantsquarters,S,0
9593,S.G. Nelson residence. Guest house.,S.G. Nelson residence. Guesthouse.,G. Nelson residence. Guesthouse,S,0
9594,S.L. Kone residence. Alterations.,S.L. Koneresidence.,L. Koneresidence,S,0
9595,S.L. Kone residence. Alterations.,S.L. Koneresidence.,L. Koneresidence,S,0
9596,"Saint Peter's Episcopal Church (Kerrville, Tex.).","Saint Peter's Episcopal Church (Kerrville, Tex",,,0
9597,Saint Phillips College swimming pool and foyer. Addition.,Saint Phillips College swimming pool and foyer,,,0
9598,"Saint Thomas Episcopal Church (Bexar County, Tex.).","Saint Thomas Episcopal Church (Bexar County, Tex",,,0
9599,"Salvation Army building (San Antonio, Tex.).","Salvation Army building (San Antonio, Tex",,,0
9600,Salvation Army Building.,Salvation Army Building,,,0
9601,Sam Roberts residence.,Sam Roberts residence,,,0
9602,San Antonio Athletic Club building. Proposed.,San Antonio Athletic Club building,,,0
9603,San Antonio Buick Company shop building (one story).,San Antonio Buick Company shop building (one story),,,0
9604,"San Antonio City Blocks 180, 410 and 411.  Plat.","San Antonio City Blocks 180, 410 and 411",,,0
9605,"San Antonio City Blocks 430, 18, lots 5 and 6 plat.","San Antonio City Blocks 430, 18, lots 5 and 6 plat",,,0
9606,San Antonio Country Club. Basement. Remodeling.,San Antonio Country Club,,,0
9607,San Antonio Daily Light Building.,San Antonio Daily Light Building,,,0
9608,San Antonio I.S.D. Herman Hirsch Elementary School.,San Antonio I.S.D. Herman Hirsch ElementarySchool.,S.D. Herman Hirsch ElementarySchool,San Antonio I,0
9609,San Antonio I.S.D. Thomas Jefferson High School. Additions.,San Antonio I.S.D. Thomas Jefferson HighSchool.,S.D. Thomas Jefferson HighSchool,San Antonio I,0
9610,San Antonio I.S.D. Thomas Jefferson High School. Additions.,San Antonio I.S.D. Thomas Jefferson HighSchool.,S.D. Thomas Jefferson HighSchool,San Antonio I,0
9611,San Antonio I.S.D. Thomas Jefferson High School. Additions.,San Antonio I.S.D. Thomas Jefferson HighSchool.,S.D. Thomas Jefferson HighSchool,San Antonio I,0
9612,San Antonio I.S.D. Thomas Jefferson High School. Additions.,San Antonio I.S.D. Thomas Jefferson HighSchool.,S.D. Thomas Jefferson HighSchool,San Antonio I,0
9613,San Antonio International Airport.,San Antonio International Airport,,,0
9614,San Antonio International Airport.  Additions and alterations to the terminal building.,San Antonio International Airport.Additions and alterations to the terminalbuilding.,Additions and alterations to the terminalbuilding,San Antonio International Airport,0
9615,San Antonio International Airport.Terminal,San Antonio International Airport,,,0
9616,San Antonio International Airport. Airtel. Proposed.,San Antonio International Airport,,,0
9617,San Antonio Loan and Trust Company’s Building.,San Antonio Loan and Trust Company’s Building,,,0
9618,San Antonio Public Service Board laboratory and shops building.,San Antonio Public Service Board laboratory and shops building,,,0
9619,San Antonio Public Service Co. office building.,San Antonio Public Service Co.officebuilding.,officebuilding,San Antonio Public Service Co,0
9620,San Antonio Public Service Co. office building.,San Antonio Public Service Co.officebuilding.,officebuilding,San Antonio Public Service Co,0
9621,San Antonio Public Service Co. office building.,San Antonio Public Service Co.officebuilding.,officebuilding,San Antonio Public Service Co,0
9622,San Antonio Public Service Co. office building.,San Antonio Public Service Co.officebuilding.,officebuilding,San Antonio Public Service Co,0
9623,San Antonio Public Service Co. office building.,San Antonio Public Service Co.officebuilding.,officebuilding,San Antonio Public Service Co,0
9624,San Antonio Public Service Company Office Building.,San Antonio Public Service Company Office Building,,,0
9625,San Antonio Public Service Company Office Building.  Additions,San Antonio Public Service Company Office Building,,,0
9626,San Antonio Public Service Company Office Building.  Basement and first floor show windows. Alterations.,San Antonio Public Service Company Office Building.Basement and firstfloor show windows.,Basement and firstfloor show windows,San Antonio Public Service Company Office Building,0
9627,San Antonio Public Service Company Office Building.  Basement and first floor show windows. Remodeling,San Antonio Public Service Company Office Building.Basement and firstfloor show windows.,Basement and firstfloor show windows,San Antonio Public Service Company Office Building,0
9628,San Antonio Public Service Company Office Building. First floor. Remodeling.,San Antonio Public Service Company Office Building.Firstfloor.,Firstfloor,San Antonio Public Service Company Office Building,0
9629,San Antonio Public Service Company Office Building. First floor. Remodeling.,San Antonio Public Service Company Office Building.Firstfloor.,Firstfloor,San Antonio Public Service Company Office Building,0
9630,San Antonio Public Service Company Office Building. Miscellaneous.,San Antonio Public Service Company Office Building,,,0
9631,San Antonio State Hospital for Mental Tuberculosis Patients. Recieving and treatment buildings.,San Antonio State Hospital for Mental Tuberculosis Patients.Recieving and treatmentbuildings.,Recieving and treatmentbuildings,San Antonio State Hospital for Mental Tuberculosis Patients,0
9632,San Antonio Transit Company Complex. Maintenance shop and service buildings.,San Antonio Transit Company Complex.Maintenance shop and servicebuildings.,Maintenance shop and servicebuildings,San Antonio Transit Company Complex,0
9633,San Antonio Transit Company Complex. Maintenance shop and service buildings.,San Antonio Transit Company Complex.Maintenance shop and servicebuildings.,Maintenance shop and servicebuildings,San Antonio Transit Company Complex,0
9634,"San Antonio Water Board warehouse, shops and storage.","San Antonio Water Board warehouse, shops and storage",,,0
9635,"San Antonio Water Board warehouse, shops and storage.","San Antonio Water Board warehouse, shops and storage",,,0
9636,San Antonio Zoological Society Aquarium.,San Antonio Zoological Society Aquarium,,,0
9637,San Francisco Theatre Guild,,,,1
9638,San Pedro Arms.,San Pedro Arms,,,0
9639,"San Pedro Park Library (San Antonio, Tex.).","San Pedro Park Library (San Antonio, Tex",,,0
9640,San Pedro Pool. Suggested design.,San Pedro Pool,,,0
9641,San Pedro Rental Housing Project. Proposed.,San Pedro Rental Housing Project,,,0
9642,Santa Rosa Infirmary. Additions and alterations.,Santa Rosa Infirmary,,,0
9643,Santa Rosa Infirmary. Additions and alterations.,Santa Rosa Infirmary,,,0
9644,Savoy Hotel.,Savoy Hotel,,,0
9645,Schultz Mercantile Company store building. Additions and alterations.,Schultz Mercantile Company store building,,,0
9646,Scobey Cold Storage Company building.,Scobey Cold Storage Company building,,,0
9647,Scobey Cold Storage Company building.,Scobey Cold Storage Company building,,,0
9648,Scobey Cold Storage Company building.,Scobey Cold Storage Company building,,,0
9649,Scobey Cold Storage Company building.,Scobey Cold Storage Company building,,,0
9650,Scobey Cold Storage Company building.,Scobey Cold Storage Company building,,,0
9651,Sidney Lanier High School. Annex and gymnasium,Sidney Lanier High School,,,0
9652,Sidney Lanier High School. Annex and gymnasium.,Sidney Lanier High School.Annex andgymnasium.,Annex andgymnasium,Sidney Lanier High School,0
9653,Singer Ranch headquarters residence.,Singer Ranch headquarters residence,,,0
9654,Singer Ranch. Ranch foreman’s house at headquarters residence.,Singer Ranch.Ranch foreman’s house at headquartersresidence.,Ranch foreman’s house at headquartersresidence,Singer Ranch,0
9655,Sketches for proposed apartment.,Sketches for proposed apartment,,,0
9656,Small Spanish residence.,Small Spanish residence,,,0
9657,Smith Bros. Development Hotel.,Smith Bros.DevelopmentHotel.,DevelopmentHotel,Smith Bros,0
9658,Smith Brothers Development Co. store building.,Smith Brothers Development Co.storebuilding.,storebuilding,Smith Brothers Development Co,0
9659,"Smith Brothers Properties, Inc. store and office building (Smith - Young Tower - transit tower).","Smith Brothers Properties, Inc.store and office building (Smith - Young Tower - transittower).",store and office building (Smith - Young Tower - transittower),"Smith Brothers Properties, Inc",0
9660,"Smith Brothers Properties, Inc. store and office building (Smith - Young Tower - transit tower). Parking garage.","Smith Brothers Properties, Inc.store and office building (Smith - Young Tower - transit tower). Parkinggarage.",store and office building (Smith - Young Tower - transit tower). Parkinggarage,"Smith Brothers Properties, Inc",0
9661,Smith Brothers Properties. Federal Reserve Bank Building. Proposed Site plat of survey.,Smith Brothers Properties.Federal Reserve BankBuilding.,Federal Reserve BankBuilding,Smith Brothers Properties,0
9662,Smith Brothers Properties. Topographic plats of city blocks 118 and 986.,Smith Brothers Properties,,,0
9663,South Texas Building (Wenger Building). Remodeling.,South Texas Building (Wenger Building),,,0
9664,South Texas Building (Wenger Building). Sommers Drug Store. No. 1.,South Texas Building (Wenger Building).Sommers DrugStore.,Sommers DrugStore,South Texas Building (Wenger Building),0
9665,Southwest Research Institute.  Mechanical Science Building. Proposed remodeling.,Southwest Research Institute.Mechanical ScienceBuilding.,Mechanical ScienceBuilding,Southwest Research Institute,0
9666,Southwest Research Institute.  Mechanical Science Building. Addition.,Southwest Research Institute.Mechanical ScienceBuilding.,Mechanical ScienceBuilding,Southwest Research Institute,0
9667,Southwest Research Institute.  Mechanical Sciences Building. Proposed.,Southwest Research Institute.Mechanical SciencesBuilding.,Mechanical SciencesBuilding,Southwest Research Institute,0
9668,Southwest Research Institute. Miscellaneous maps and surveys.,Southwest Research Institute,,,0
9669,Southwest Research Institute. Proposed.,Southwest Research Institute,,,0
9670,Southwest Research Institute. Office building 138. Parking plan.,Southwest Research Institute.Office building 138.Parking plan.,Office building 138.Parking plan,Southwest Research Institute,0
9671,Southwest Research Institute. Service center building.,Southwest Research Institute.Service centerbuilding.,Service centerbuilding,Southwest Research Institute,0
9672,Southwest Research Institute. Building 68 Electronic Assembly Facility. Addition.,Southwest Research Institute.Building 68 Electronic Assembly Facility.,Building 68 Electronic Assembly Facility,Southwest Research Institute,0
9673,Southwestern Insane Asylum. Receiving Ward.,Southwestern Insane Asylum.ReceivingWard.,ReceivingWard,Southwestern Insane Asylum,0
9674,Spencer A. Rowland residence. Additions and alterations.,Spencer A.Rowlandresidence.,Rowlandresidence,Spencer A,0
9675,Spires Buick Company building.,Spires Buick Company building,,,0
9676,Spires Buick Company building.,Spires Buick Company building,,,0
9677,Spires Buick Company building.,Spires Buick Company building,,,0
9678,Sr. Don Francisco G. Sada residence.,Sr.Don Francisco G. Sadaresidence.,Don Francisco G. Sadaresidence,Sr,0
9679,St. Anthony Hotel.,St. Anthony Hotel.,,,0
9680,St. Anthony Hotel.,St. Anthony Hotel.,,,0
9681,St. Anthony Hotel. Alterations and additions.,St. Anthony Hotel. Alterations and additions.,,,0
9682,St. Anthony Hotel. Alterations.,St. Anthony Hotel. Alterations.,,,0
9683,St. Anthony Hotel. Alterations.,St. Anthony Hotel. Alterations.,,,0
9684,St. Anthony Hotel. Ballroom. Remodeling.,St. Anthony Hotel. Ballroom. Remodeling.,,,0
9685,St. Anthony Hotel. Garage. Alterations. Proposed.,St. Anthony Hotel. Garage. Alterations. Proposed.,,,0
9686,St. Anthony Hotel. Layout for Sommers Drug Store and lease.,St. Anthony Hotel. Layout for Sommers Drug Store and lease.,,,0
9687,St. Anthony Hotel. Navarro Street entrance. Alterations.,St. Anthony Hotel. Navarro Street entrance. Alterations.,,,0
9688,St. Anthony Hotel. Navarro Street entrance. Alterations.,St. Anthony Hotel. Navarro Street entrance. Alterations.,,,0
9689,St. Anthony Hotel. Peraux room. Alterations.,St. Anthony Hotel. Peraux room. Alterations.,,,0
9690,"St. George's Episcopal Church (San Antonio, Tex.). Parish hall","St.George's EpiscopalChurch (San Antonio, Tex.","George's EpiscopalChurch (San Antonio, Tex",St,0
9691,St. Mary's Hall dormitory.,St. Mary's Hall dormitory.,,,0
9692,"State National Bank Building (Brownsville, Tex.).","State National Bank Building (Brownsville, Tex",,,0
9693,State office building (Sam Houston State Office Building).,State office building (Sam Houston State Office Building),,,0
9694,Straus-Frank Company Building. Office and warehouse building.,Straus-Frank Company Building.Office and warehousebuilding.,Office and warehousebuilding,Straus-Frank Company Building,0
9695,"Student art work, certificates and photographic prints (see finding aid).","Student art work, certificates and photographic prints (see finding aid)",,,0
9696,Randolph Field. Student Operations Building.,Randolph Field.Student OperationsBuilding.,Student OperationsBuilding,Randolph Field,0
9697,Suburban bank.,Suburban bank,,,0
9698,Sugarman Realty Co. store building.,Sugarman Realty Co.storebuilding.,storebuilding,Sugarman Realty Co,0
9699,Sugarman’s Store. Second Floor Addition.,Sugarman’s Store.SecondFloor Addition.,SecondFloor Addition,Sugarman’s Store,0
9700,"Sullivan Bank Building (San Antonio, Tex.). Addition and remodeling.","Sullivan Bank Building (San Antonio, Tex",,,0
9701,Surcamp residence and carriage house.,Surcamp residence and carriage house,,,0
9702,Swearington residence. Alterations.,Swearington residence,,,0
9703,T.E. Burns building.,T.E. Burnsbuilding.,E. Burnsbuilding,T,0
9704,T.P. Bernard residence.,T.P. Bernardresidence.,P. Bernardresidence,T,0
9705,Terrel Hills Plat.,Terrel Hills Plat,,,0
9706,"Terrell Hills Development Company houses ""A"" and ""B"".","Terrell Hills Development Company houses ""A"" and ""B""",,,0
9707,Texas Building. Remodeling.,Texas Building,,,0
9708,Texas Lutheran College. Classroom building.,Texas Lutheran College.Classroombuilding.,Classroombuilding,Texas Lutheran College,0
9709,Texas Lutheran College. Girl's Dormitory Building.,Texas Lutheran College.Girl's DormitoryBuilding.,Girl's DormitoryBuilding,Texas Lutheran College,0
9710,Texas Lutheran College. Library and Instruction Building.,Texas Lutheran College.Library and InstructionBuilding.,Library and InstructionBuilding,Texas Lutheran College,0
9711,Texas Lutheran College. Physical Education Building.,Texas Lutheran College.Physical EducationBuilding.,Physical EducationBuilding,Texas Lutheran College,0
9712,Texas Lutheran College. Weeber Hall. Addition and alterations.,Texas Lutheran College.WeeberHall.,WeeberHall,Texas Lutheran College,0
9713,Texas State Capitol Building. Remodeling.,Texas State Capitol Building,,,0
9714,Texas State Land Office Building.,Texas State Land Office Building,,,0
9715,Texas State School for the Blind Complex.,Texas State School for the Blind Complex,,,0
9716,Thomas E. Hogg residence.,Thomas E.Hoggresidence.,Hoggresidence,Thomas E,0
9717,Thomas Hogan Jr. residence.,Thomas Hogan Jr.residence.,residence,Thomas Hogan Jr,0
9718,Tobin Building. Additions and alterations.,Tobin Building,,,0
9719,Tom L. Powell office building.,Tom L.Powell officebuilding.,Powell officebuilding,Tom L,0
9720,Tom L. Powell office building.,Tom L.Powell officebuilding.,Powell officebuilding,Tom L,0
9721,Top O’ Town Apartments.,Top O’ Town Apartments,,,0
9722,Transit Tower. Storm Doors for Floor Plan.  Elevation.,Transit Tower.Storm Doors forFloor Plan.,Storm Doors forFloor Plan,Transit Tower,0
9723,Travis Park underground parking garage.,Travis Park underground parking garage,,,0
9724,Treatment of Stairway.,Treatment of Stairway,,,0
9725,U. Cazamias residence.,U.Cazamiasresidence.,Cazamiasresidence,U,0
9726,Unidentified Aerial photograph.,Unidentified Aerial photograph,,,0
9727,Unidentified Apartment Building.,Unidentified Apartment Building,,,0
9728,Unidentified fountain.,Unidentified fountain,,,0
9729,"Unidentified hotel (Alice, Tex.). Proposed.","Unidentified hotel (Alice, Tex",,,0
9730,"Unidentified hotel (Luling, Tex.). Proposed.","Unidentified hotel (Luling, Tex",,,0
9731,Unidentified mausoleum.,Unidentified mausoleum,,,0
9732,"Unidentified motel (Aransas Pass, Tex.). 30 unit. Proposed.","Unidentified motel (Aransas Pass, Tex",,,0
9733,"Unidentified motel (San Antonio, Tex.). Proposed.","Unidentified motel (San Antonio, Tex",,,0
9734,"Unidentified Office Building. First, second, and third floor plans. Street elevation views.","Unidentified Office Building.First, second, and third floor plans.Street elevation views.","First, second, and third floor plans.Street elevation views",Unidentified Office Building,0
9735,"Unidentified parking garage (San Antonio, Tex.).","Unidentified parking garage (San Antonio, Tex",,,0
9736,"Unidentified private dining club (San Antonio, Tex.). Proposed.","Unidentified private dining club (San Antonio, Tex",,,0
9737,Unidentified residence.,Unidentified residence,,,0
9738,"Unidentified shopping center (San Antonio, Tex.).  Proposed.","Unidentified shopping center (San Antonio, Tex",,,0
9739,Unidentified Spanish style tower.,Unidentified Spanish style tower,,,0
9740,United Services Automobile Association. Home Office Building.    USAA,United Services Automobile Association.Home OfficeBuilding.,Home OfficeBuilding,United Services Automobile Association,0
9741,United Services Automobile Association. Home Office Building. Additions and alterations.   USAA,United Services Automobile Association.Home OfficeBuilding.,Home OfficeBuilding,United Services Automobile Association,0
9742,United Services Automobile Association. Home Office Building.    USAA,United Services Automobile Association.Home OfficeBuilding.,Home OfficeBuilding,United Services Automobile Association,0
9743,United Services Automobile Association. Home office building.     USAA,United Services Automobile Association.Home officebuilding.,Home officebuilding,United Services Automobile Association,0
9744,United Services Automobile Association. Home office building.     USAA,United Services Automobile Association.Home officebuilding.,Home officebuilding,United Services Automobile Association,0
9745,United Services Automobile Association. Home office building.     USAA,United Services Automobile Association.Home officebuilding.,Home officebuilding,United Services Automobile Association,0
9746,United Services Automobile Association. Miscellaneous projects.  USAA,United Services Automobile Association,,,0
9747,United Services Automobile Association. Miscellaneous projects.  USAA,United Services Automobile Association,,,0
9748,United Services Automobile Association. Miscellaneous projects.  USAA,United Services Automobile Association,,,0
9749,United Services Automobile Association. Miscellaneous projects.   USAA,United Services Automobile Association,,,0
9750,United Services Automobile Association. Parking garage.             USAA,United Services Automobile Association.Parkinggarage.,Parkinggarage,United Services Automobile Association,0
9751,United Services Automobile Association. Proposed office building and parking structure and pedestrian bridge. USAA,United Services Automobile Association.Proposed office building andparking structure and pedestrian bridge.,Proposed office building andparking structure and pedestrian bridge,United Services Automobile Association,0
9752,United Services Automobile Association. Proposed revisions.         USAA,United Services Automobile Association,,,0
9753,United States Army. Fort Hood. Family housing.,United States Army.Fort Hood. Familyhousing.,Fort Hood. Familyhousing,United States Army,0
9754,"United States Post Office (San Antonio, Tex.).","United States Post Office (San Antonio, Tex",,,0
9755,University of Texas. Engineering Building. Gebauer,University of Texas.EngineeringBuilding.,EngineeringBuilding,University of Texas,0
9756,University of Texas. Law Building.,University of Texas.LawBuilding.,LawBuilding,University of Texas,0
9757,University of Texas. Pharmacy Building.,University of Texas.PharmacyBuilding.,PharmacyBuilding,University of Texas,0
9758,University of Texas. President's residence. Competition.,University of Texas.President'sresidence.,President'sresidence,University of Texas,0
9759,University of Texas. R.O.T.C. Building. ROTC,University of Texas.R.O.T.C.Building.,R.O.T.C.Building,University of Texas,0
9760,University of Texas. Women's Dormitory Building. (Carothers),University of Texas.Women's DormitoryBuilding.,Women's DormitoryBuilding,University of Texas,0
9761,Untitled drawings.,Untitled drawings,,,0
9762,Urschel residence. Additions.,Urschel residence,,,0
9763,Urschel residence. Illumination of tennis court.,Urschel residence,,,0
9764,Val Verde County Courthouse.,Val Verde County Courthouse,,,0
9765,Van Petty residence.,Van Petty residence,,,0
9766,Vance residence. Sketches.,Vance residence,,,0
9767,Vogue Store. Additions and alterations.,Vogue Store,,,0
9768,Vogue Store. Additions and alterations.,Vogue Store,,,0
9769,W.C. Clegg residence.,W.C. Cleggresidence.,C. Cleggresidence,W,0
9770,W.C. Clegg residence. Remodeling.,W.C. Cleggresidence.,C. Cleggresidence,W,0
9771,W.C. Clegg residence.,W.C. Cleggresidence.,C. Cleggresidence,W,0
9772,W.C. Mitchell residence.,W.C. Mitchellresidence.,C. Mitchellresidence,W,0
9773,W.C. Rigsby residence.,W.C. Rigsbyresidence.,C. Rigsbyresidence,W,0
9774,W.E. Simpson residence.,W.E. Simpsonresidence.,E. Simpsonresidence,W,0
9775,W.M. Abbey residence.,W.M. Abbeyresidence.,M. Abbeyresidence,W,0
9776,Wallace Newton residence.,Wallace Newton residence,,,0
9777,Walter Buzzini beach house.,Walter Buzzini beach house,,,0
9778,Walter Buzzini residence.,Walter Buzzini residence,,,0
9779,Walter Buzzini residence.,Walter Buzzini residence,,,0
9780,Walter Buzzini residence.,Walter Buzzini residence,,,0
9781,Bergstrom residence.,Bergstrom residence,,,0
9782,Ward W. Kelley residence.,Ward W.Kelleyresidence.,Kelleyresidence,Ward W,0
9783,"Water tank (Park Hill Estates, San Antonio, Tex.).","Water tank (Park Hill Estates, San Antonio, Tex",,,0
9784,Wedgewood Professional Building. Radiology Lab.,Wedgewood Professional Building.RadiologyLab.,RadiologyLab,Wedgewood Professional Building,0
9785,West Texas Military Academy.,West Texas Military Academy,,,0
9786,West Texas Military Academy. Chapel and swimming pool.,West Texas Military Academy.Chapel and swimmingpool.,Chapel and swimmingpool,West Texas Military Academy,0
9787,West Texas Military Academy. Proposed Swimming Pool and auditorium.,West Texas Military Academy.Proposed Swimming Pool andauditorium.,Proposed Swimming Pool andauditorium,West Texas Military Academy,0
9788,West Texas Military Academy. Swimming Pool.,West Texas Military Academy.SwimmingPool.,SwimmingPool,West Texas Military Academy,0
9789,"Western Union Building (San Antonio, Tex.).","Western Union Building (San Antonio, Tex",,,0
9790,"Westside State Bank (San Antonio, Tex.). Motor bank and parking area.","Westside State Bank (San Antonio, Tex.). Motor bank andparking area.",). Motor bank andparking area,"Westside State Bank (San Antonio, Tex",0
9791,Westwood Hills Development.,Westwood Hills Development,,,0
9792,Willard M. Berman residence.,Willard M.Bermanresidence.,Bermanresidence,Willard M,0
9793,William M. Wolff residence.,William M.Wolffresidence.,Wolffresidence,William M,0
9794,William M. Wolff residence.,William M.Wolffresidence.,Wolffresidence,William M,0
9795,William Negley residence.,William Negley residence,,,0
9796,William Negley residence.,William Negley residence,,,0
9797,William Wolff residence. Additions and alterations.,William Wolff residence,,,0
9798,William Wolff residence. Additions and alterations.,William Wolff residence,,,0
9799,Winerich Building.,Winerich Building,,,0
9800,Winerich Building.,Winerich Building,,,0
9801,Winerich residence.,Winerich residence,,,0
9802,Winter residence.,Winter residence,,,0
9803,Municipal Museum Building (Witte Memorial Museum).,Municipal Museum Building (Witte Memorial Museum),,,0
9804,Municipal Museum Building (Witte Memorial Museum). Addition.,Municipal Museum Building (Witte Memorial Museum),,,0
9805,Witte Memorial Museum. Addition.,Witte Memorial Museum,,,0
9806,Witte Memorial Museum. Addition.,Witte Memorial Museum,,,0
9807,Witte Memorial Museum. New Pioneer Hall proposed addition.,Witte Memorial Museum.New PioneerHall proposed addition.,New PioneerHall proposed addition,Witte Memorial Museum,0
9808,Transportation annex for Witte Memorial Museum at  Brackenridge park.,Transportation annex for Witte Memorial Museum at  Brackenridge park,,,0
9809,Woodlawn School.,Woodlawn School,,,0
9810,Woodward residence.,Woodward residence,,,0
9811,Young Woman's Christian Association (YWCA) Building.,Young Woman's Christian Association (YWCA) Building,,,0
9812,Young Woman's Christian Association (YWCA) Building.,Young Woman's Christian Association (YWCA) Building,,,0
9813,Ziegler Glass Company building. Additions and alterations.,Ziegler Glass Company building,,,0
9814,Yoakum Building.,Yoakum Building,,,0
9815,W.C. Clegg residence. Enclosed porch.,W.C. Clegg residence. Enclosedporch.,C. Clegg residence. Enclosedporch,W,0
9816,Chandler residence.,Chandler residence,,,0
9817,Chandler residence. Billiard room.,Chandler residence.Billiardroom.,Billiardroom,Chandler residence,0
9818,Chandler residence. Barn.,Chandler residence,,,0
9819,Burns or Lipscomb Stable.,Burns or Lipscomb Stable,,,0
9820,Garage and servants quarters.,Garage and servants quarters,,,0
9821,Fence details.,Fence details,,,0
9822,Unidentified two story residence.,Unidentified two story residence,,,0
9823,Unidentified one story brick veneer residence.,Unidentified one story brick veneer residence,,,0
9824,Cupola.,Cupola,,,0
9825,Unidentified residence (Houston). Alterations.,Unidentified residence (Houston),,,0
9826,Unidentified one story residence.,Unidentified one story residence,,,0
9827,Architect’s sign for Atlee B. & Robert M. Ayres.,Architect’s sign for Atlee B,,,0
9828,Furniture designs.,Furniture designs,,,0
9829,Travis Street pedestrian bridge (San Antonio).,Travis Street pedestrian bridge (San Antonio),,,0
9830,Mortgage Investment Corporation.,Mortgage Investment Corporation,,,0
9831,Unidentified hotel (San Antonio).,Unidentified hotel (San Antonio),,,0
9832,Unidentified hotel. Mezzanine sketches.,Unidentified hotel,,,0
9833,Hotel. Proposed.,Hotel,,,0
9834,Hot dog stand. Sketches.,Hot dog stand,,,0
9835,Hotel. Proposed (San Antonio).,Hotel,,,0
9836,Unidentified hotel.,Unidentified hotel,,,0
9837,Murchinson residence.,Murchinson residence,,,0
9838,Unidentified building.,Unidentified building,,,0
9839,Unidentified building.,Unidentified building,,,0
9840,Unidentified building. Interior view of a staircase,Unidentified building,,,0
9841,Unidentified Building.,Unidentified Building,,,0
9842,Officers lounge and dining room.,Officers lounge and dining room,,,0
9843,Unidentified building.  Interior view of a patio.,Unidentified building,,,0
9844,Basila Pharmacy,,,,1
9845,Unidentified hotel and store building.,Unidentified hotel and store building,,,0
9846,Unidentified store building.,Unidentified store building,,,0
9847,Unidentified Hotel Building.,Unidentified Hotel Building,,,0
9848,Unidentified Residence. The Stacks.,Unidentified Residence,,,0
9849,Unidentified Building.,Unidentified Building,,,0
9850,Unidentified Office Building.,Unidentified Office Building,,,0
9851,Unidentified Building.,Unidentified Building,,,0
9852,Unidentified Building.,Unidentified Building,,,0
9853,Proposed Hotel or Resort Building.,Proposed Hotel or Resort Building,,,0
9854,Missouri Kansas Texas Railway Depot (M K T).,Missouri Kansas Texas Railway Depot (M K T),,,0
9855,Unidentified Residence.,Unidentified Residence,,,0
9856,Unidentified Residence.,Unidentified Residence,,,0
9857,Unidentified Residence.,Unidentified Residence,,,0
9858,Unidentified courthouse.,Unidentified courthouse,,,0
9859,Unidentified stadium.,Unidentified stadium,,,0
9860,Unidentified apartment building.,Unidentified apartment building,,,0
9861,Unidentified one story building. Alterations.,Unidentified one story building,,,0
9862,Unidentified (Bedell?) apartment building.,Unidentified (Bedell?) apartment building,,,0
9863,Unidentified apartment buildling,,,,1
9864,Unidentified three story hotel or club building.,Unidentified three story hotel or club building,,,0
9865,Unidentified apartment building.,Unidentified apartment building,,,0
9866,Unidentifield hotel building.,Unidentifield hotel building,,,0
9867,Unidentified two story apartment building.,Unidentified two story apartment building,,,0
9868,Unidentified two story apartment building.,Unidentified two story apartment building,,,0
9869,Hotel building (San Antonio).,Hotel building (San Antonio),,,0
9870,Unidentified residence.,Unidentified residence,,,0
9871,Unidentified residence.,Unidentified residence,,,0
9872,Unidentified two story residence.,Unidentified two story residence,,,0
9873,Unidentified two story residence.,Unidentified two story residence,,,0
9874,Unidentified residence.,Unidentified residence,,,0
9875,Unidentified residence.,Unidentified residence,,,0
9876,Unidentified two story residence.,Unidentified two story residence,,,0
9877,Unidentified residence.,Unidentified residence,,,0
9878,Unidentified one story house.,Unidentified one story house,,,0
9879,Unidentified two storey houses.,Unidentified two storey houses,,,0
9880,Unidentified residence. Addition.,Unidentified residence,,,0
9881,AAf126.,AAf126,,,0
9882,AAf151.,AAf151,,,0
9883,AAf164.,AAf164,,,0
9884,AAf309.,AAf309,,,0
9885,AAf352.,AAf352,,,0
9886,AAf288.,AAf288,,,0
9887,AAf367.,AAf367,,,0
9888,AAf367.1,AAf367,,,0
9889,AAf367.2,AAf367,,,0
9890,Witte Memorial Museum. Second Addition.,Witte Memorial Museum,,,0
9891,Basila medical and apartment building. Proposed.,Basila medical and apartment building,,,0
9892,Basila Pharmacy.,Basila Pharmacy,,,0
9893,Hotel El Jardin. unbuilt,Hotel El Jardin,,,0
9894,AAf502.,AAf502,,,0
10162,One story three building complex (Dude ranch?),,,,1
10163,Modified English - cottage style residence,,,,1
10164,Unidentified Community Center.,Unidentified Community Center,,,0
10165,S.S. Younes residence.,S.S. Younesresidence.,S. Younesresidence,S,0
10166,Unidentified County Courthouse.,Unidentified County Courthouse,,,0
10167,Unidentified Spanish residence.,Unidentified Spanish residence,,,0
10171,Southwestern Insane Asylum. Administration Building.,Southwestern Insane Asylum.AdministrationBuilding.,AdministrationBuilding,Southwestern Insane Asylum,0
10172,Southwestern Insane Asylum. Tubercular Cottage for Women.,Southwestern Insane Asylum.TubercularCottage for Women.,TubercularCottage for Women,Southwestern Insane Asylum,0
10173,Southwestern Insane Asylum. Addition to Male Ward.,Southwestern Insane Asylum.Addition to MaleWard.,Addition to MaleWard,Southwestern Insane Asylum,0
11762,Unidentified motel.,Unidentified motel,,,0
11774,Randolph Field. Administration Building. ( Taj Mahal ),Randolph Field.AdministrationBuilding.,AdministrationBuilding,Randolph Field,0
11874,Kendall Inn.,Kendall Inn,,,0
14115,Warehouse for Peden Iron & Steel.,Warehouse for Peden Iron & Steel,,,0
14677,Mission Style possible Courthouse,,,,1
15654,Oppenheimer residence.,Oppenheimer residence,,,0
16270,Winerich Building.,Winerich Building,,,0
16950,"Laurel Heights Methodist Church (San Antonio, Tex.).","Laurel Heights Methodist Church (San Antonio, Tex",,,0
17132,"Photograph of group at AIA 59th Annual Convention, May 1926.","Photograph of group at AIA 59th Annual Convention, May 1926",,,0
17133,"Photograph of group at the Texas Architects annual convention, Nov. 12, 1912.","Photograph of group at the Texas Architects annual convention, Nov",,,0
17308,"Smith Brothers Properties, Inc. store and office building (Smith - Young Tower - transit tower).","Smith Brothers Properties, Inc.store and office building (Smith - Young Tower - transittower).",store and office building (Smith - Young Tower - transittower),"Smith Brothers Properties, Inc",0
17309,"copy work: Atkinson residence, Bozarth residence, Thomas Hogg residence, Fred Strauss residence, Denman residence, Sam Roberts residence, Unidentified residence - 2",,,,1
17594,Nix Building.,Nix Building,,,0
17667,United Services Automobile Association. Home Office Building. Alterations and additions.  USAA,United Services Automobile Association.Home OfficeBuilding.,Home OfficeBuilding,United Services Automobile Association,0
17679,Unidentified County Mission Style Courthouse.,Unidentified County Mission Style Courthouse,,,0
17680,Unidentified Building. Possible power plant or water pumping station.,Unidentified Building.Possible power plant or water pumpingstation.,Possible power plant or water pumpingstation,Unidentified Building,0
17690,Unidentified Tourist Hotel Building. Suggested design. Bird’s eye perspective.,Unidentified Tourist Hotel Building,,,0
17691,Unidentified two story residence. Pitched roof with chimney in front and side.,Unidentified two story residence,,,0
17693,Perspective of Unidentified Nine Story Modern Office Building. Located on a corner.,Perspective of Unidentified Nine Story Modern Office Building,,,0
17694,Smith - Young Tower - transit tower. Oversized Photograph.,Smith - Young Tower - transit tower,,,0
17695,Perspective rendering of a Masonic hall. ,Perspective rendering of a Masonic hall,,,0
